{
    "$schema": "https://schema.management.azure.com/schemas/2015-01-01/deploymentParameters.json#",
    "contentVersion": "1.0.0.0",
    "parameters": {
        "vulnerabilityAssessments_Default_storageContainerPath": {
            "value": null
        },
        "sites_calihademo_webapp_eastus2_name": {
            "value": null
        },
        "servers_calichinsecondaryhademosqlserver_name": {
            "value": null
        },
        "servers_calichinprimaryhademosqlserver_externalid": {
            "value": null
        },
        "serverfarms_hademo_externalid": {
            "value": null
        }
    }
}