{
    "$schema": "https://schema.management.azure.com/schemas/2015-01-01/deploymentParameters.json#",
    "contentVersion": "1.0.0.0",
    "parameters": {
        "vulnerabilityAssessments_Default_storageContainerPath": {
            "value": null
        },
        "serverfarms_hademo_name": {
            "value": null
        },
        "sites_calihademo_webapp_westus_name": {
            "value": null
        },
        "servers_calichinprimaryhademosqlserver_name": {
            "value": null
        },
        "servers_calichinsecondaryhademosqlserver_externalid": {
            "value": null
        }
    }
}