{
    "$schema": "https://schema.management.azure.com/schemas/2019-04-01/deploymentTemplate.json#",
    "contentVersion": "1.0.0.0",
    "parameters": {
        "vulnerabilityAssessments_Default_storageContainerPath": {
            "type": "SecureString"
        },
        "serverfarms_hademo_name": {
            "defaultValue": "hademo",
            "type": "String"
        },
        "sites_calihademo_webapp_westus_name": {
            "defaultValue": "calihademo-webapp-westus",
            "type": "String"
        },
        "servers_calichinprimaryhademosqlserver_name": {
            "defaultValue": "calichinprimaryhademosqlserver",
            "type": "String"
        },
        "servers_calichinsecondaryhademosqlserver_externalid": {
            "defaultValue": "/subscriptions/39ebede6-e8c5-4233-895f-c9914f1493ed/resourceGroups/rghademoeastus2/providers/Microsoft.Sql/servers/calichinsecondaryhademosqlserver",
            "type": "String"
        }
    },
    "variables": {},
    "resources": [
        {
            "type": "Microsoft.Sql/servers",
            "apiVersion": "2023-08-01-preview",
            "name": "[parameters('servers_calichinprimaryhademosqlserver_name')]",
            "location": "westus",
            "kind": "v12.0",
            "properties": {
                "administratorLogin": "mauricio",
                "version": "12.0",
                "minimalTlsVersion": "None",
                "publicNetworkAccess": "Enabled",
                "restrictOutboundNetworkAccess": "Disabled"
            }
        },
        {
            "type": "Microsoft.Web/serverfarms",
            "apiVersion": "2023-01-01",
            "name": "[parameters('serverfarms_hademo_name')]",
            "location": "West Europe",
            "sku": {
                "name": "S1",
                "tier": "Standard",
                "size": "S1",
                "family": "S",
                "capacity": 1
            },
            "kind": "app",
            "properties": {
                "perSiteScaling": false,
                "elasticScaleEnabled": false,
                "maximumElasticWorkerCount": 1,
                "isSpot": false,
                "reserved": false,
                "isXenon": false,
                "hyperV": false,
                "targetWorkerCount": 0,
                "targetWorkerSizeId": 0,
                "zoneRedundant": false
            }
        },
        {
            "type": "Microsoft.Sql/servers/advancedThreatProtectionSettings",
            "apiVersion": "2023-08-01-preview",
            "name": "[concat(parameters('servers_calichinprimaryhademosqlserver_name'), '/Default')]",
            "dependsOn": [
                "[resourceId('Microsoft.Sql/servers', parameters('servers_calichinprimaryhademosqlserver_name'))]"
            ],
            "properties": {
                "state": "Disabled"
            }
        },
        {
            "type": "Microsoft.Sql/servers/advisors",
            "apiVersion": "2014-04-01",
            "name": "[concat(parameters('servers_calichinprimaryhademosqlserver_name'), '/CreateIndex')]",
            "dependsOn": [
                "[resourceId('Microsoft.Sql/servers', parameters('servers_calichinprimaryhademosqlserver_name'))]"
            ],
            "properties": {
                "autoExecuteValue": "Disabled"
            }
        },
        {
            "type": "Microsoft.Sql/servers/advisors",
            "apiVersion": "2014-04-01",
            "name": "[concat(parameters('servers_calichinprimaryhademosqlserver_name'), '/DbParameterization')]",
            "dependsOn": [
                "[resourceId('Microsoft.Sql/servers', parameters('servers_calichinprimaryhademosqlserver_name'))]"
            ],
            "properties": {
                "autoExecuteValue": "Disabled"
            }
        },
        {
            "type": "Microsoft.Sql/servers/advisors",
            "apiVersion": "2014-04-01",
            "name": "[concat(parameters('servers_calichinprimaryhademosqlserver_name'), '/DefragmentIndex')]",
            "dependsOn": [
                "[resourceId('Microsoft.Sql/servers', parameters('servers_calichinprimaryhademosqlserver_name'))]"
            ],
            "properties": {
                "autoExecuteValue": "Disabled"
            }
        },
        {
            "type": "Microsoft.Sql/servers/advisors",
            "apiVersion": "2014-04-01",
            "name": "[concat(parameters('servers_calichinprimaryhademosqlserver_name'), '/DropIndex')]",
            "dependsOn": [
                "[resourceId('Microsoft.Sql/servers', parameters('servers_calichinprimaryhademosqlserver_name'))]"
            ],
            "properties": {
                "autoExecuteValue": "Disabled"
            }
        },
        {
            "type": "Microsoft.Sql/servers/advisors",
            "apiVersion": "2014-04-01",
            "name": "[concat(parameters('servers_calichinprimaryhademosqlserver_name'), '/ForceLastGoodPlan')]",
            "dependsOn": [
                "[resourceId('Microsoft.Sql/servers', parameters('servers_calichinprimaryhademosqlserver_name'))]"
            ],
            "properties": {
                "autoExecuteValue": "Enabled"
            }
        },
        {
            "type": "Microsoft.Sql/servers/auditingPolicies",
            "apiVersion": "2014-04-01",
            "name": "[concat(parameters('servers_calichinprimaryhademosqlserver_name'), '/Default')]",
            "location": "West US",
            "dependsOn": [
                "[resourceId('Microsoft.Sql/servers', parameters('servers_calichinprimaryhademosqlserver_name'))]"
            ],
            "properties": {
                "auditingState": "Disabled"
            }
        },
        {
            "type": "Microsoft.Sql/servers/auditingSettings",
            "apiVersion": "2023-08-01-preview",
            "name": "[concat(parameters('servers_calichinprimaryhademosqlserver_name'), '/Default')]",
            "dependsOn": [
                "[resourceId('Microsoft.Sql/servers', parameters('servers_calichinprimaryhademosqlserver_name'))]"
            ],
            "properties": {
                "retentionDays": 0,
                "auditActionsAndGroups": [],
                "isStorageSecondaryKeyInUse": false,
                "isAzureMonitorTargetEnabled": false,
                "isManagedIdentityInUse": false,
                "state": "Disabled",
                "storageAccountSubscriptionId": "00000000-0000-0000-0000-000000000000"
            }
        },
        {
            "type": "Microsoft.Sql/servers/connectionPolicies",
            "apiVersion": "2023-08-01-preview",
            "name": "[concat(parameters('servers_calichinprimaryhademosqlserver_name'), '/default')]",
            "location": "westus",
            "dependsOn": [
                "[resourceId('Microsoft.Sql/servers', parameters('servers_calichinprimaryhademosqlserver_name'))]"
            ],
            "properties": {
                "connectionType": "Default"
            }
        },
        {
            "type": "Microsoft.Sql/servers/databases",
            "apiVersion": "2023-08-01-preview",
            "name": "[concat(parameters('servers_calichinprimaryhademosqlserver_name'), '/hademotest')]",
            "location": "westus",
            "dependsOn": [
                "[resourceId('Microsoft.Sql/servers', parameters('servers_calichinprimaryhademosqlserver_name'))]"
            ],
            "sku": {
                "name": "Standard",
                "tier": "Standard",
                "capacity": 10
            },
            "kind": "v12.0,user",
            "properties": {
                "collation": "SQL_Latin1_General_CP1_CI_AS",
                "maxSizeBytes": 268435456000,
                "catalogCollation": "SQL_Latin1_General_CP1_CI_AS",
                "zoneRedundant": false,
                "readScale": "Disabled",
                "requestedBackupStorageRedundancy": "Local",
                "maintenanceConfigurationId": "/subscriptions/39ebede6-e8c5-4233-895f-c9914f1493ed/providers/Microsoft.Maintenance/publicMaintenanceConfigurations/SQL_Default",
                "isLedgerOn": false,
                "availabilityZone": "NoPreference"
            }
        },
        {
            "type": "Microsoft.Sql/servers/databases/advancedThreatProtectionSettings",
            "apiVersion": "2023-08-01-preview",
            "name": "[concat(parameters('servers_calichinprimaryhademosqlserver_name'), '/master/Default')]",
            "dependsOn": [
                "[resourceId('Microsoft.Sql/servers', parameters('servers_calichinprimaryhademosqlserver_name'))]"
            ],
            "properties": {
                "state": "Disabled"
            }
        },
        {
            "type": "Microsoft.Sql/servers/databases/auditingPolicies",
            "apiVersion": "2014-04-01",
            "name": "[concat(parameters('servers_calichinprimaryhademosqlserver_name'), '/master/Default')]",
            "location": "West US",
            "dependsOn": [
                "[resourceId('Microsoft.Sql/servers', parameters('servers_calichinprimaryhademosqlserver_name'))]"
            ],
            "properties": {
                "auditingState": "Disabled"
            }
        },
        {
            "type": "Microsoft.Sql/servers/databases/auditingSettings",
            "apiVersion": "2023-08-01-preview",
            "name": "[concat(parameters('servers_calichinprimaryhademosqlserver_name'), '/master/Default')]",
            "dependsOn": [
                "[resourceId('Microsoft.Sql/servers', parameters('servers_calichinprimaryhademosqlserver_name'))]"
            ],
            "properties": {
                "retentionDays": 0,
                "isAzureMonitorTargetEnabled": false,
                "state": "Disabled",
                "storageAccountSubscriptionId": "00000000-0000-0000-0000-000000000000"
            }
        },
        {
            "type": "Microsoft.Sql/servers/databases/extendedAuditingSettings",
            "apiVersion": "2023-08-01-preview",
            "name": "[concat(parameters('servers_calichinprimaryhademosqlserver_name'), '/master/Default')]",
            "dependsOn": [
                "[resourceId('Microsoft.Sql/servers', parameters('servers_calichinprimaryhademosqlserver_name'))]"
            ],
            "properties": {
                "retentionDays": 0,
                "isAzureMonitorTargetEnabled": false,
                "state": "Disabled",
                "storageAccountSubscriptionId": "00000000-0000-0000-0000-000000000000"
            }
        },
        {
            "type": "Microsoft.Sql/servers/databases/geoBackupPolicies",
            "apiVersion": "2023-08-01-preview",
            "name": "[concat(parameters('servers_calichinprimaryhademosqlserver_name'), '/master/Default')]",
            "dependsOn": [
                "[resourceId('Microsoft.Sql/servers', parameters('servers_calichinprimaryhademosqlserver_name'))]"
            ],
            "properties": {
                "state": "Disabled"
            }
        },
        {
            "type": "Microsoft.Sql/servers/databases/ledgerDigestUploads",
            "apiVersion": "2023-08-01-preview",
            "name": "[concat(parameters('servers_calichinprimaryhademosqlserver_name'), '/master/Current')]",
            "dependsOn": [
                "[resourceId('Microsoft.Sql/servers', parameters('servers_calichinprimaryhademosqlserver_name'))]"
            ],
            "properties": {}
        },
        {
            "type": "Microsoft.Sql/servers/databases/securityAlertPolicies",
            "apiVersion": "2023-08-01-preview",
            "name": "[concat(parameters('servers_calichinprimaryhademosqlserver_name'), '/master/Default')]",
            "dependsOn": [
                "[resourceId('Microsoft.Sql/servers', parameters('servers_calichinprimaryhademosqlserver_name'))]"
            ],
            "properties": {
                "state": "Disabled",
                "disabledAlerts": [
                    ""
                ],
                "emailAddresses": [
                    ""
                ],
                "emailAccountAdmins": false,
                "retentionDays": 0
            }
        },
        {
            "type": "Microsoft.Sql/servers/databases/transparentDataEncryption",
            "apiVersion": "2023-08-01-preview",
            "name": "[concat(parameters('servers_calichinprimaryhademosqlserver_name'), '/master/Current')]",
            "dependsOn": [
                "[resourceId('Microsoft.Sql/servers', parameters('servers_calichinprimaryhademosqlserver_name'))]"
            ],
            "properties": {
                "state": "Disabled"
            }
        },
        {
            "type": "Microsoft.Sql/servers/databases/vulnerabilityAssessments",
            "apiVersion": "2023-08-01-preview",
            "name": "[concat(parameters('servers_calichinprimaryhademosqlserver_name'), '/master/Default')]",
            "dependsOn": [
                "[resourceId('Microsoft.Sql/servers', parameters('servers_calichinprimaryhademosqlserver_name'))]"
            ],
            "properties": {
                "recurringScans": {
                    "isEnabled": false,
                    "emailSubscriptionAdmins": true
                }
            }
        },
        {
            "type": "Microsoft.Sql/servers/devOpsAuditingSettings",
            "apiVersion": "2023-08-01-preview",
            "name": "[concat(parameters('servers_calichinprimaryhademosqlserver_name'), '/Default')]",
            "dependsOn": [
                "[resourceId('Microsoft.Sql/servers', parameters('servers_calichinprimaryhademosqlserver_name'))]"
            ],
            "properties": {
                "isAzureMonitorTargetEnabled": false,
                "isManagedIdentityInUse": false,
                "state": "Disabled",
                "storageAccountSubscriptionId": "00000000-0000-0000-0000-000000000000"
            }
        },
        {
            "type": "Microsoft.Sql/servers/encryptionProtector",
            "apiVersion": "2023-08-01-preview",
            "name": "[concat(parameters('servers_calichinprimaryhademosqlserver_name'), '/current')]",
            "dependsOn": [
                "[resourceId('Microsoft.Sql/servers', parameters('servers_calichinprimaryhademosqlserver_name'))]"
            ],
            "kind": "servicemanaged",
            "properties": {
                "serverKeyName": "ServiceManaged",
                "serverKeyType": "ServiceManaged",
                "autoRotationEnabled": false
            }
        },
        {
            "type": "Microsoft.Sql/servers/extendedAuditingSettings",
            "apiVersion": "2023-08-01-preview",
            "name": "[concat(parameters('servers_calichinprimaryhademosqlserver_name'), '/Default')]",
            "dependsOn": [
                "[resourceId('Microsoft.Sql/servers', parameters('servers_calichinprimaryhademosqlserver_name'))]"
            ],
            "properties": {
                "retentionDays": 0,
                "auditActionsAndGroups": [],
                "isStorageSecondaryKeyInUse": false,
                "isAzureMonitorTargetEnabled": false,
                "isManagedIdentityInUse": false,
                "state": "Disabled",
                "storageAccountSubscriptionId": "00000000-0000-0000-0000-000000000000"
            }
        },
        {
            "type": "Microsoft.Sql/servers/firewallRules",
            "apiVersion": "2023-08-01-preview",
            "name": "[concat(parameters('servers_calichinprimaryhademosqlserver_name'), '/allowingall')]",
            "dependsOn": [
                "[resourceId('Microsoft.Sql/servers', parameters('servers_calichinprimaryhademosqlserver_name'))]"
            ]
        },
        {
            "type": "Microsoft.Sql/servers/keys",
            "apiVersion": "2023-08-01-preview",
            "name": "[concat(parameters('servers_calichinprimaryhademosqlserver_name'), '/ServiceManaged')]",
            "dependsOn": [
                "[resourceId('Microsoft.Sql/servers', parameters('servers_calichinprimaryhademosqlserver_name'))]"
            ],
            "kind": "servicemanaged",
            "properties": {
                "serverKeyType": "ServiceManaged"
            }
        },
        {
            "type": "Microsoft.Sql/servers/securityAlertPolicies",
            "apiVersion": "2023-08-01-preview",
            "name": "[concat(parameters('servers_calichinprimaryhademosqlserver_name'), '/Default')]",
            "dependsOn": [
                "[resourceId('Microsoft.Sql/servers', parameters('servers_calichinprimaryhademosqlserver_name'))]"
            ],
            "properties": {
                "state": "Disabled",
                "disabledAlerts": [
                    ""
                ],
                "emailAddresses": [
                    ""
                ],
                "emailAccountAdmins": false,
                "retentionDays": 0
            }
        },
        {
            "type": "Microsoft.Sql/servers/sqlVulnerabilityAssessments",
            "apiVersion": "2023-08-01-preview",
            "name": "[concat(parameters('servers_calichinprimaryhademosqlserver_name'), '/Default')]",
            "dependsOn": [
                "[resourceId('Microsoft.Sql/servers', parameters('servers_calichinprimaryhademosqlserver_name'))]"
            ],
            "properties": {
                "state": "Disabled"
            }
        },
        {
            "type": "Microsoft.Sql/servers/vulnerabilityAssessments",
            "apiVersion": "2023-08-01-preview",
            "name": "[concat(parameters('servers_calichinprimaryhademosqlserver_name'), '/Default')]",
            "dependsOn": [
                "[resourceId('Microsoft.Sql/servers', parameters('servers_calichinprimaryhademosqlserver_name'))]"
            ],
            "properties": {
                "recurringScans": {
                    "isEnabled": false,
                    "emailSubscriptionAdmins": true
                },
                "storageContainerPath": "[parameters('vulnerabilityAssessments_Default_storageContainerPath')]"
            }
        },
        {
            "type": "Microsoft.Web/sites",
            "apiVersion": "2023-01-01",
            "name": "[parameters('sites_calihademo_webapp_westus_name')]",
            "location": "West Europe",
            "dependsOn": [
                "[resourceId('Microsoft.Web/serverfarms', parameters('serverfarms_hademo_name'))]"
            ],
            "kind": "app",
            "properties": {
                "enabled": true,
                "hostNameSslStates": [
                    {
                        "name": "[concat(parameters('sites_calihademo_webapp_westus_name'), '.azurewebsites.net')]",
                        "sslState": "Disabled",
                        "hostType": "Standard"
                    },
                    {
                        "name": "[concat(parameters('sites_calihademo_webapp_westus_name'), '.scm.azurewebsites.net')]",
                        "sslState": "Disabled",
                        "hostType": "Repository"
                    }
                ],
                "serverFarmId": "[resourceId('Microsoft.Web/serverfarms', parameters('serverfarms_hademo_name'))]",
                "reserved": false,
                "isXenon": false,
                "hyperV": false,
                "vnetRouteAllEnabled": false,
                "vnetImagePullEnabled": false,
                "vnetContentShareEnabled": false,
                "siteConfig": {
                    "numberOfWorkers": 1,
                    "acrUseManagedIdentityCreds": false,
                    "alwaysOn": true,
                    "http20Enabled": true,
                    "functionAppScaleLimit": 0,
                    "minimumElasticInstanceCount": 0
                },
                "scmSiteAlsoStopped": false,
                "clientAffinityEnabled": true,
                "clientCertEnabled": false,
                "clientCertMode": "Required",
                "hostNamesDisabled": false,
                "customDomainVerificationId": "61ED722072FB3F18B5E30CF48AD8D7634BA7A7A56F4D37748D5E0F6826DDC174",
                "containerSize": 0,
                "dailyMemoryTimeQuota": 0,
                "httpsOnly": false,
                "redundancyMode": "None",
                "storageAccountRequired": false,
                "keyVaultReferenceIdentity": "SystemAssigned"
            }
        },
        {
            "type": "Microsoft.Web/sites/basicPublishingCredentialsPolicies",
            "apiVersion": "2023-01-01",
            "name": "[concat(parameters('sites_calihademo_webapp_westus_name'), '/ftp')]",
            "location": "West Europe",
            "dependsOn": [
                "[resourceId('Microsoft.Web/sites', parameters('sites_calihademo_webapp_westus_name'))]"
            ],
            "properties": {
                "allow": true
            }
        },
        {
            "type": "Microsoft.Web/sites/basicPublishingCredentialsPolicies",
            "apiVersion": "2023-01-01",
            "name": "[concat(parameters('sites_calihademo_webapp_westus_name'), '/scm')]",
            "location": "West Europe",
            "dependsOn": [
                "[resourceId('Microsoft.Web/sites', parameters('sites_calihademo_webapp_westus_name'))]"
            ],
            "properties": {
                "allow": true
            }
        },
        {
            "type": "Microsoft.Web/sites/config",
            "apiVersion": "2023-01-01",
            "name": "[concat(parameters('sites_calihademo_webapp_westus_name'), '/web')]",
            "location": "West Europe",
            "dependsOn": [
                "[resourceId('Microsoft.Web/sites', parameters('sites_calihademo_webapp_westus_name'))]"
            ],
            "properties": {
                "numberOfWorkers": 1,
                "defaultDocuments": [
                    "Default.htm",
                    "Default.html",
                    "Default.asp",
                    "index.htm",
                    "index.html",
                    "iisstart.htm",
                    "default.aspx",
                    "index.php",
                    "hostingstart.html"
                ],
                "netFrameworkVersion": "v4.0",
                "phpVersion": "5.6",
                "requestTracingEnabled": false,
                "remoteDebuggingEnabled": false,
                "httpLoggingEnabled": false,
                "acrUseManagedIdentityCreds": false,
                "logsDirectorySizeLimit": 35,
                "detailedErrorLoggingEnabled": false,
                "publishingUsername": "$calihademo-webapp-westus",
                "scmType": "None",
                "use32BitWorkerProcess": true,
                "webSocketsEnabled": false,
                "alwaysOn": true,
                "managedPipelineMode": "Integrated",
                "virtualApplications": [
                    {
                        "virtualPath": "/",
                        "physicalPath": "site\\wwwroot",
                        "preloadEnabled": true
                    }
                ],
                "loadBalancing": "LeastRequests",
                "experiments": {
                    "rampUpRules": []
                },
                "autoHealEnabled": false,
                "vnetRouteAllEnabled": false,
                "vnetPrivatePortsCount": 0,
                "localMySqlEnabled": false,
                "ipSecurityRestrictions": [
                    {
                        "ipAddress": "Any",
                        "action": "Allow",
                        "priority": 2147483647,
                        "name": "Allow all",
                        "description": "Allow all access"
                    }
                ],
                "scmIpSecurityRestrictions": [
                    {
                        "ipAddress": "Any",
                        "action": "Allow",
                        "priority": 2147483647,
                        "name": "Allow all",
                        "description": "Allow all access"
                    }
                ],
                "scmIpSecurityRestrictionsUseMain": false,
                "http20Enabled": true,
                "minTlsVersion": "1.2",
                "scmMinTlsVersion": "1.2",
                "ftpsState": "FtpsOnly",
                "preWarmedInstanceCount": 0,
                "elasticWebAppScaleLimit": 0,
                "functionsRuntimeScaleMonitoringEnabled": false,
                "minimumElasticInstanceCount": 0,
                "azureStorageAccounts": {}
            }
        },
        {
            "type": "Microsoft.Web/sites/hostNameBindings",
            "apiVersion": "2023-01-01",
            "name": "[concat(parameters('sites_calihademo_webapp_westus_name'), '/', parameters('sites_calihademo_webapp_westus_name'), '.azurewebsites.net')]",
            "location": "West Europe",
            "dependsOn": [
                "[resourceId('Microsoft.Web/sites', parameters('sites_calihademo_webapp_westus_name'))]"
            ],
            "properties": {
                "siteName": "calihademo-webapp-westus",
                "hostNameType": "Verified"
            }
        },
        {
            "type": "Microsoft.Sql/servers/databases/advancedThreatProtectionSettings",
            "apiVersion": "2023-08-01-preview",
            "name": "[concat(parameters('servers_calichinprimaryhademosqlserver_name'), '/hademotest/Default')]",
            "dependsOn": [
                "[resourceId('Microsoft.Sql/servers/databases', parameters('servers_calichinprimaryhademosqlserver_name'), 'hademotest')]",
                "[resourceId('Microsoft.Sql/servers', parameters('servers_calichinprimaryhademosqlserver_name'))]"
            ],
            "properties": {
                "state": "Disabled"
            }
        },
        {
            "type": "Microsoft.Sql/servers/databases/advisors",
            "apiVersion": "2014-04-01",
            "name": "[concat(parameters('servers_calichinprimaryhademosqlserver_name'), '/hademotest/CreateIndex')]",
            "dependsOn": [
                "[resourceId('Microsoft.Sql/servers/databases', parameters('servers_calichinprimaryhademosqlserver_name'), 'hademotest')]",
                "[resourceId('Microsoft.Sql/servers', parameters('servers_calichinprimaryhademosqlserver_name'))]"
            ],
            "properties": {
                "autoExecuteValue": "Disabled"
            }
        },
        {
            "type": "Microsoft.Sql/servers/databases/advisors",
            "apiVersion": "2014-04-01",
            "name": "[concat(parameters('servers_calichinprimaryhademosqlserver_name'), '/hademotest/DbParameterization')]",
            "dependsOn": [
                "[resourceId('Microsoft.Sql/servers/databases', parameters('servers_calichinprimaryhademosqlserver_name'), 'hademotest')]",
                "[resourceId('Microsoft.Sql/servers', parameters('servers_calichinprimaryhademosqlserver_name'))]"
            ],
            "properties": {
                "autoExecuteValue": "Disabled"
            }
        },
        {
            "type": "Microsoft.Sql/servers/databases/advisors",
            "apiVersion": "2014-04-01",
            "name": "[concat(parameters('servers_calichinprimaryhademosqlserver_name'), '/hademotest/DefragmentIndex')]",
            "dependsOn": [
                "[resourceId('Microsoft.Sql/servers/databases', parameters('servers_calichinprimaryhademosqlserver_name'), 'hademotest')]",
                "[resourceId('Microsoft.Sql/servers', parameters('servers_calichinprimaryhademosqlserver_name'))]"
            ],
            "properties": {
                "autoExecuteValue": "Disabled"
            }
        },
        {
            "type": "Microsoft.Sql/servers/databases/advisors",
            "apiVersion": "2014-04-01",
            "name": "[concat(parameters('servers_calichinprimaryhademosqlserver_name'), '/hademotest/DropIndex')]",
            "dependsOn": [
                "[resourceId('Microsoft.Sql/servers/databases', parameters('servers_calichinprimaryhademosqlserver_name'), 'hademotest')]",
                "[resourceId('Microsoft.Sql/servers', parameters('servers_calichinprimaryhademosqlserver_name'))]"
            ],
            "properties": {
                "autoExecuteValue": "Disabled"
            }
        },
        {
            "type": "Microsoft.Sql/servers/databases/advisors",
            "apiVersion": "2014-04-01",
            "name": "[concat(parameters('servers_calichinprimaryhademosqlserver_name'), '/hademotest/ForceLastGoodPlan')]",
            "dependsOn": [
                "[resourceId('Microsoft.Sql/servers/databases', parameters('servers_calichinprimaryhademosqlserver_name'), 'hademotest')]",
                "[resourceId('Microsoft.Sql/servers', parameters('servers_calichinprimaryhademosqlserver_name'))]"
            ],
            "properties": {
                "autoExecuteValue": "Enabled"
            }
        },
        {
            "type": "Microsoft.Sql/servers/databases/auditingPolicies",
            "apiVersion": "2014-04-01",
            "name": "[concat(parameters('servers_calichinprimaryhademosqlserver_name'), '/hademotest/Default')]",
            "location": "West US",
            "dependsOn": [
                "[resourceId('Microsoft.Sql/servers/databases', parameters('servers_calichinprimaryhademosqlserver_name'), 'hademotest')]",
                "[resourceId('Microsoft.Sql/servers', parameters('servers_calichinprimaryhademosqlserver_name'))]"
            ],
            "properties": {
                "auditingState": "Disabled"
            }
        },
        {
            "type": "Microsoft.Sql/servers/databases/auditingSettings",
            "apiVersion": "2023-08-01-preview",
            "name": "[concat(parameters('servers_calichinprimaryhademosqlserver_name'), '/hademotest/Default')]",
            "dependsOn": [
                "[resourceId('Microsoft.Sql/servers/databases', parameters('servers_calichinprimaryhademosqlserver_name'), 'hademotest')]",
                "[resourceId('Microsoft.Sql/servers', parameters('servers_calichinprimaryhademosqlserver_name'))]"
            ],
            "properties": {
                "retentionDays": 0,
                "isAzureMonitorTargetEnabled": false,
                "state": "Disabled",
                "storageAccountSubscriptionId": "00000000-0000-0000-0000-000000000000"
            }
        },
        {
            "type": "Microsoft.Sql/servers/databases/backupLongTermRetentionPolicies",
            "apiVersion": "2023-08-01-preview",
            "name": "[concat(parameters('servers_calichinprimaryhademosqlserver_name'), '/hademotest/default')]",
            "dependsOn": [
                "[resourceId('Microsoft.Sql/servers/databases', parameters('servers_calichinprimaryhademosqlserver_name'), 'hademotest')]",
                "[resourceId('Microsoft.Sql/servers', parameters('servers_calichinprimaryhademosqlserver_name'))]"
            ],
            "properties": {
                "weeklyRetention": "PT0S",
                "monthlyRetention": "PT0S",
                "yearlyRetention": "PT0S",
                "weekOfYear": 0
            }
        },
        {
            "type": "Microsoft.Sql/servers/databases/backupShortTermRetentionPolicies",
            "apiVersion": "2023-08-01-preview",
            "name": "[concat(parameters('servers_calichinprimaryhademosqlserver_name'), '/hademotest/default')]",
            "dependsOn": [
                "[resourceId('Microsoft.Sql/servers/databases', parameters('servers_calichinprimaryhademosqlserver_name'), 'hademotest')]",
                "[resourceId('Microsoft.Sql/servers', parameters('servers_calichinprimaryhademosqlserver_name'))]"
            ],
            "properties": {
                "retentionDays": 7,
                "diffBackupIntervalInHours": 24
            }
        },
        {
            "type": "Microsoft.Sql/servers/databases/extendedAuditingSettings",
            "apiVersion": "2023-08-01-preview",
            "name": "[concat(parameters('servers_calichinprimaryhademosqlserver_name'), '/hademotest/Default')]",
            "dependsOn": [
                "[resourceId('Microsoft.Sql/servers/databases', parameters('servers_calichinprimaryhademosqlserver_name'), 'hademotest')]",
                "[resourceId('Microsoft.Sql/servers', parameters('servers_calichinprimaryhademosqlserver_name'))]"
            ],
            "properties": {
                "retentionDays": 0,
                "isAzureMonitorTargetEnabled": false,
                "state": "Disabled",
                "storageAccountSubscriptionId": "00000000-0000-0000-0000-000000000000"
            }
        },
        {
            "type": "Microsoft.Sql/servers/databases/geoBackupPolicies",
            "apiVersion": "2023-08-01-preview",
            "name": "[concat(parameters('servers_calichinprimaryhademosqlserver_name'), '/hademotest/Default')]",
            "dependsOn": [
                "[resourceId('Microsoft.Sql/servers/databases', parameters('servers_calichinprimaryhademosqlserver_name'), 'hademotest')]",
                "[resourceId('Microsoft.Sql/servers', parameters('servers_calichinprimaryhademosqlserver_name'))]"
            ],
            "properties": {
                "state": "Disabled"
            }
        },
        {
            "type": "Microsoft.Sql/servers/databases/ledgerDigestUploads",
            "apiVersion": "2023-08-01-preview",
            "name": "[concat(parameters('servers_calichinprimaryhademosqlserver_name'), '/hademotest/Current')]",
            "dependsOn": [
                "[resourceId('Microsoft.Sql/servers/databases', parameters('servers_calichinprimaryhademosqlserver_name'), 'hademotest')]",
                "[resourceId('Microsoft.Sql/servers', parameters('servers_calichinprimaryhademosqlserver_name'))]"
            ],
            "properties": {}
        },
        {
            "type": "Microsoft.Sql/servers/databases/replicationLinks",
            "apiVersion": "2023-08-01-preview",
            "name": "[concat(parameters('servers_calichinprimaryhademosqlserver_name'), '/hademotest/ffc061ca-febe-473d-8e4d-c937dfa5ae7f')]",
            "dependsOn": [
                "[resourceId('Microsoft.Sql/servers/databases', parameters('servers_calichinprimaryhademosqlserver_name'), 'hademotest')]",
                "[resourceId('Microsoft.Sql/servers', parameters('servers_calichinprimaryhademosqlserver_name'))]"
            ],
            "properties": {
                "linkType": "GEO"
            }
        },
        {
            "type": "Microsoft.Sql/servers/databases/securityAlertPolicies",
            "apiVersion": "2023-08-01-preview",
            "name": "[concat(parameters('servers_calichinprimaryhademosqlserver_name'), '/hademotest/Default')]",
            "dependsOn": [
                "[resourceId('Microsoft.Sql/servers/databases', parameters('servers_calichinprimaryhademosqlserver_name'), 'hademotest')]",
                "[resourceId('Microsoft.Sql/servers', parameters('servers_calichinprimaryhademosqlserver_name'))]"
            ],
            "properties": {
                "state": "Disabled",
                "disabledAlerts": [
                    ""
                ],
                "emailAddresses": [
                    ""
                ],
                "emailAccountAdmins": false,
                "retentionDays": 0
            }
        },
        {
            "type": "Microsoft.Sql/servers/databases/transparentDataEncryption",
            "apiVersion": "2023-08-01-preview",
            "name": "[concat(parameters('servers_calichinprimaryhademosqlserver_name'), '/hademotest/Current')]",
            "dependsOn": [
                "[resourceId('Microsoft.Sql/servers/databases', parameters('servers_calichinprimaryhademosqlserver_name'), 'hademotest')]",
                "[resourceId('Microsoft.Sql/servers', parameters('servers_calichinprimaryhademosqlserver_name'))]"
            ],
            "properties": {
                "state": "Enabled"
            }
        },
        {
            "type": "Microsoft.Sql/servers/databases/vulnerabilityAssessments",
            "apiVersion": "2023-08-01-preview",
            "name": "[concat(parameters('servers_calichinprimaryhademosqlserver_name'), '/hademotest/Default')]",
            "dependsOn": [
                "[resourceId('Microsoft.Sql/servers/databases', parameters('servers_calichinprimaryhademosqlserver_name'), 'hademotest')]",
                "[resourceId('Microsoft.Sql/servers', parameters('servers_calichinprimaryhademosqlserver_name'))]"
            ],
            "properties": {
                "recurringScans": {
                    "isEnabled": false,
                    "emailSubscriptionAdmins": true
                }
            }
        },
        {
            "type": "Microsoft.Sql/servers/failoverGroups",
            "apiVersion": "2023-08-01-preview",
            "name": "[concat(parameters('servers_calichinprimaryhademosqlserver_name'), '/calihademotest-fg')]",
            "location": "West US",
            "dependsOn": [
                "[resourceId('Microsoft.Sql/servers', parameters('servers_calichinprimaryhademosqlserver_name'))]",
                "[resourceId('Microsoft.Sql/servers/databases', parameters('servers_calichinprimaryhademosqlserver_name'), 'hademotest')]"
            ],
            "properties": {
                "readWriteEndpoint": {
                    "failoverPolicy": "Manual"
                },
                "readOnlyEndpoint": {
                    "failoverPolicy": "Disabled",
                    "targetServer": "[parameters('servers_calichinsecondaryhademosqlserver_externalid')]"
                },
                "partnerServers": [
                    {
                        "id": "[parameters('servers_calichinsecondaryhademosqlserver_externalid')]"
                    }
                ],
                "databases": [
                    "[resourceId('Microsoft.Sql/servers/databases', parameters('servers_calichinprimaryhademosqlserver_name'), 'hademotest')]"
                ]
            }
        }
    ]
}